name,no_of_guests,booking_date
Faustine,18,2023-02-21
Norah,43,2023-09-02
Nancie,11,2023-09-21
Clyde,22,2023-05-09
Cecelia,29,2022-12-25
Temp,43,2022-12-28
Hansiain,45,2023-01-20
Kirby,46,2023-06-04
Gilly,41,2023-07-20
Hammad,20,2022-12-16
Ches,46,2022-12-16
Dory,28,2023-05-20
Alvin,40,2023-08-06
Tildy,18,2023-10-19
Henri,43,2023-08-12
Kevyn,10,2023-01-27
Mikkel,45,2023-06-24
Benito,12,2023-04-14
Jo-anne,42,2023-04-11
Haley,15,2023-01-20
Mella,13,2023-04-05
Byron,42,2023-12-08
Kip,16,2023-11-18
Eb,28,2023-01-02
Arlette,21,2023-08-07
Magnum,16,2023-04-18
Christoforo,10,2023-11-05
Cristabel,48,2023-07-02
Andonis,25,2023-09-17
Betta,35,2023-11-27
Malvina,45,2023-10-22
Worth,27,2023-05-02
Kellen,22,2023-11-11
Sibbie,24,2023-02-10
Daffy,11,2022-12-23
Stormi,12,2023-04-13
Alleen,45,2023-10-19
Babbette,48,2023-01-06
Michelle,30,2023-08-17
Sarge,22,2023-12-01
Heinrik,41,2023-10-23
Amii,22,2023-10-13
Odie,25,2023-04-30
Sherwood,25,2023-08-03
Hilario,16,2023-04-24
Linnet,26,2023-05-14
Tuckie,43,2023-04-05
Teddy,19,2023-06-02
Bastien,38,2023-04-03
Konstance,47,2023-07-09
Blondie,30,2023-09-15
Gayleen,27,2023-10-17
Ulberto,28,2023-10-26
Daryle,24,2023-07-19
Farly,39,2023-08-07
Inga,43,2023-10-14
Gale,46,2023-05-22
Gale,48,2023-05-08
Darsie,26,2023-08-31
Susie,38,2023-04-19
Melina,45,2023-10-08
Camile,35,2023-06-24
Wilmette,17,2023-07-29
Ezra,50,2023-09-20
Missy,14,2023-07-10
Randy,17,2023-05-16
Anabal,26,2023-02-04
Artemus,18,2023-02-04
Gorden,23,2023-07-11
Emeline,44,2023-06-20
Torrance,18,2023-04-11
Rafaelia,29,2023-09-27
Yvor,31,2023-10-25
Vitia,25,2023-01-09
Gillian,10,2023-10-18
Farleigh,11,2023-03-21
Quintina,11,2023-02-06
Demetra,48,2023-05-21
Lisetta,20,2023-09-09
Lian,49,2023-06-18
Swen,17,2023-08-15
Isa,45,2023-06-19
Nealon,28,2023-11-22
Nat,15,2023-06-26
Fleming,29,2022-12-31
Germayne,34,2023-08-21
Ellen,30,2023-01-29
Pavla,48,2023-09-06
Wat,13,2023-07-19
Tani,31,2023-03-16
Tadeas,14,2023-03-23
Faustine,39,2023-07-05
Annemarie,17,2023-02-03
Avril,16,2023-01-31
Steffane,26,2023-02-09
Pippa,44,2023-02-24
Derrik,33,2023-07-13
Hynda,43,2023-05-18
Georgy,27,2023-09-01
Zorine,20,2023-07-11
